id,name
"1","Marley Rodriguez"
"2","Sabryna Willms"
"3","Laverna Corkery"
"4","Shyanne Dibbert Sr."
"5","Erling Wolff Jr."
"6","Clyde Spencer"
"7","Constance Graham"
"8","Ruth Hyatt"
"9","Therese Jones"
"10","Ole Fritsch"
"11","Armani Klocko"
"12","Davonte Mosciski DDS"
"13","Santos Buckridge"
"14","Lavonne Casper"
"15","Christa Streich"
"16","Frank Yost"
"17","Eliseo Monahan"
"18","Chaim Jast"
"19","Holden Runolfsdottir"
"20","Odie Yost"
"21","Elnora Green"
"22","Elian O'Reilly"
"23","Joshuah Cummerata"
"24","Shaun Harris"
"25","Delbert Koelpin"
"26","Priscilla Schowalter DDS"
"27","Mina McKenzie"
"28","Irwin Stamm"
"29","Tyshawn Johns"
"30","Abigale Lockman DDS"
"31","Davin Bernhard PhD"
"32","Elta Terry Sr."
"33","Brigitte Gislason"
"34","Claudie McDermott"
"35","Hollis Williamson DVM"
"36","Ellsworth Smitham"
"37","Nels White"
"38","Junius Gulgowski"
"39","Rubie Kozey"
"40","Antonietta Gleichner PhD"
"41","Mr. Jo Fay"
"42","Elwyn Blanda"
"43","Pattie Nitzsche"
"44","Cletus Smitham"
"45","Adella Schulist"
"46","Kadin Braun"
"47","Keagan Reichert"
"48","Gisselle Hodkiewicz"
"49","Rickie Cartwright"
"50","Kitty Nitzsche"
"51","Kathlyn Gibson"
"52","Wilfrid Gulgowski"
"53","Kari Corwin"
"54","Edna Kunde"
"55","Perry Steuber"
"56","Winnifred Kertzmann"
"57","Mariam Stamm"
"58","Maiya Rath"
"59","Jaiden Yost"
"60","Anahi Lind"
"61","Aaliyah Beatty"
"62","Rodolfo Mills"
"63","Susana Crist"
"64","Willard Turner"
"65","Simeon Halvorson"
"66","Neal Fisher"
"67","Kayla Bednar"
"68","Declan Schulist"
"69","Triston Metz"
"70","Alberta Senger"
"71","Caroline Schumm"
"72","Tomasa Gorczany"
"73","Mrs. Earnestine Lubowitz"
"74","Darius Carroll"
"75","Ryley Brown"
"76","Augustine Pacocha"
"77","Ms. Carol Beahan"
"78","Deshaun Dickinson Sr."
"79","Vance McCullough"
"80","Declan McGlynn DDS"
"81","Kip Gislason"
"82","Marcos Mayert"
"83","Mrs. Annabelle Wunsch"
"84","Curtis Ruecker"
"85","Haven McKenzie"
"86","Patrick Carter"
"87","Elmer Renner"
"88","David Miller"
"89","Darrell Fadel"
"90","Daryl Rutherford"
"91","Ara Bogisich"
"92","Alberto Hickle"
"93","Obie Keebler"
"94","Merlin Emard"
"95","Willis Schaden I"
"96","Mr. Flossie Ratke"
"97","Korbin O'Connell"
"98","Dr. Angie Gottlieb"
"99","Hector Connelly"
"100","Trisha Block"