id,name,numReviews,location
"1","Jenifer Von","40","North Deronhaven"
"2","Cathryn Zulauf II","59","West Donaldville"
"3","Zack DuBuque","24","Port Ruth"
"4","Duncan Walker","31","Port Ole"
"5","Isabel Bode","33","Port Davontestad"
"6","Rocio Strosin","15","New Lavonne"
"7","Noel Deckow PhD","22","West Winonahaven"
"8","Leonie Romaguera","19","West Torranceport"
"9","Osbaldo Hoppe","49","Heaneyburgh"
"10","Mavis Senger","25","Julioborough"
"11","Luigi Beahan","55","Lake Rahul"
"12","Brent Spencer","50","Schroederberg"
"13","Lafayette Wiegand","52","Lake Evert"
"14","Hassie Cartwright","29","South Owenville"
"15","Anne Sporer","20","Eltahaven"
"16","Ruthie Conn I","53","East Kylee"
"17","Hollis Williamson DVM","26","West Rogelioshire"
"18","Mrs. Una Kris","37","Lake Roosevelt"
"19","Charles Quigley","13","Lake Anissa"
"20","Darion Bradtke","36","Hahnton"
"21","Pattie Nitzsche","33","Dietrichfort"
"22","Adella Schulist","32","Leschton"
"23","Keagan Reichert","54","West Gayle"
"24","Rickie Cartwright","42","New Lucy"
"25","Kathlyn Gibson","31","Port Elinor"
"26","Kari Corwin","32","Grantport"
"27","Perry Steuber","44","Port Ibrahimside"
"28","Roselyn O'Kon","46","Merlstad"
"29","Winona Olson","38","South Tyreekchester"
"30","Dr. Hester Smith","40","Karleeside"
"31","Augustine Wunsch PhD","31","Port Emiliestad"
"32","Deanna Klein","10","Anabelborough"
"33","Mr. Raphael Pagac","57","Nellaland"
"34","Mr. Manuela Streich","51","Whiteside"
"35","Chanelle Goyette","38","New Neha"
"36","Stephan Treutel","53","South Ninaton"
"37","Rafael Cronin","12","East Clint"
"38","Berneice Waelchi","55","McCulloughville"
"39","Lacey Schowalter","29","Marvinburgh"
"40","Marcos Mayert","13","Annabelleshire"
"41","Judge Emard","48","New Haven"
"42","Valentine Schamberger","16","Bechtelarburgh"
"43","Cali Feil","40","East Darrell"
"44","Blaze Feest","49","West Ara"
"45","Mrs. Germaine Bailey","34","Runolfssonview"
"46","Merlin Emard","20","Willismouth"
"47","Ernestine Herzog MD","18","Trompstad"
"48","Christian Berge","24","Trantowbury"
"49","Joany Schamberger","57","New Penelopeland"
"50","Gwendolyn Smith","43","Obiehaven"
"51","Andy Trantow","33","Harberberg"
"52","Elizabeth Raynor","55","East Darryl"
"53","Myriam Bode","47","New Rudolph"
"54","Stone Anderson","25","New Susan"
"55","Lia Anderson","24","Jerdetown"
"56","Ms. Bartholome Kuhic","14","Port Jarred"
"57","Waylon Runolfsson","16","Mosciskiborough"
"58","Zetta Spencer","10","West Serenity"
"59","Garland King","59","East Gracielashire"
"60","Leland Olson","26","Lake Adela"
"61","Osbaldo Metz V","59","South Frederikborough"
"62","Lula Hammes","21","Katelynland"
"63","Gunner Ryan","56","Elisamouth"
"64","Enid Turcotte","57","New Maggie"
"65","Miss Dana Runte","38","Eastershire"
"66","Kassandra Kozey","27","Lake Magnolia"
"67","Christina Beier I","43","New Horace"
"68","Lina Wilderman","21","New Astrid"
"69","Zula Heller","20","Esmeraldaborough"
"70","Rita Schneider","46","New Hal"
"71","Darwin Thiel PhD","47","East Marvin"
"72","Florence Beier","56","Vonport"
"73","Amara Daniel Jr.","48","Hellerchester"
"74","Ayden Bartell","23","Kundefurt"
"75","Addison Keeling","52","Lockmanside"
"76","Conrad Von Jr.","12","West Terrell"
"77","Chandler Strosin","18","Sidneystad"
"78","Urban Bashirian","24","Zulaufton"
"79","Rudolph Jaskolski","22","Schuylerborough"
"80","Dejuan Borer","54","Mitchellton"
"81","Eryn Haley","53","Donnellyland"
"82","Chadd Wuckert","35","New Lynnberg"
"83","Mrs. Carey Howe","45","Rickeyhaven"
"84","Vince Bailey","32","New Sonia"
"85","Alfred Johnson","28","Marcosstad"
"86","Isabel Runolfsdottir","44","Lake Amaniville"
"87","Annabel Strosin","29","Port Abagailchester"
"88","Alex Medhurst","55","North Evachester"
"89","Timmothy Hudson","40","Kassulkefort"
"90","Dejuan Okuneva","35","North Hilton"
"91","Lesley Pouros Jr.","14","Lake Carlos"
"92","Bell Roberts","45","Haleymouth"
"93","Ruthie Kulas","22","North Consuelotown"
"94","Dr. Casimer McCullough","31","Darleneview"
"95","Jorge Runte","38","Estherside"
"96","Kelvin Cormier","43","North Lenorehaven"
"97","Raymond Stark","20","Ebertside"
"98","Mariam Rath","29","Tyrellborough"
"99","Julian Balistreri","43","Port Jayson"
"100","Rachel Bergstrom","36","East Rosa"